event_id,asset,decision_ts_utc
R000001,BTC,2024-10-01T01:13:02.000000+0000
R000002,ETH,2024-10-01T15:04:46.000000+0000
R000003,ETH,2024-10-01T15:31:06.000000+0000
R000004,BTC,2024-10-01T16:27:57.000000+0000
R000005,BTC,2024-10-01T16:56:32.000000+0000
R000006,ETH,2024-10-01T17:20:13.000000+0000
R000007,ETH,2024-10-01T17:45:31.000000+0000
R000010,ETH,2024-10-01T20:07:09.000000+0000
R000012,ETH,2024-10-02T12:54:32.000000+0000
R000024,BTC,2024-10-04T12:30:02.000000+0000
R000025,BTC,2024-10-04T12:46:10.000000+0000
R000027,ETH,2024-10-07T03:32:57.000000+0000
R000028,ETH,2024-10-07T11:57:13.000000+0000
R000030,ETH,2024-10-07T22:54:30.000000+0000
R000031,BTC,2024-10-08T01:31:49.000000+0000
R000037,BTC,2024-10-10T12:30:02.000000+0000
R000040,BTC,2024-10-10T18:34:32.000000+0000
R000041,ETH,2024-10-10T20:17:56.000000+0000
R000042,BTC,2024-10-11T12:30:02.000000+0000
R000043,ETH,2024-10-12T14:42:49.000000+0000
R000046,ETH,2024-10-14T14:41:25.000000+0000
R000050,BTC,2024-10-14T19:22:47.000000+0000
R000051,BTC,2024-10-14T22:17:14.000000+0000
R000052,BTC,2024-10-14T22:58:24.000000+0000
R000063,BTC,2024-10-17T14:29:29.000000+0000
R000064,BTC,2024-10-17T18:29:14.000000+0000
R000075,ETH,2024-10-20T21:31:22.000000+0000
R000079,BTC,2024-10-21T13:17:28.000000+0000
R000083,BTC,2024-10-21T23:01:03.000000+0000
R000084,ETH,2024-10-22T00:31:07.000000+0000
R000087,ETH,2024-10-22T14:34:53.000000+0000
R000088,BTC,2024-10-22T15:18:57.000000+0000
R000090,ETH,2024-10-23T12:27:53.000000+0000
R000091,ETH,2024-10-23T18:04:02.000000+0000
R000096,ETH,2024-10-25T07:14:14.000000+0000
R000100,ETH,2024-10-25T22:52:53.000000+0000
R000106,BTC,2024-10-28T13:01:05.000000+0000
R000113,ETH,2024-10-28T21:44:15.000000+0000
R000126,BTC,2024-10-30T20:04:04.000000+0000
R000129,ETH,2024-10-31T16:03:00.000000+0000
R000131,ETH,2024-10-31T17:32:56.000000+0000
R000133,ETH,2024-11-01T01:33:03.000000+0000
R000134,ETH,2024-11-01T02:03:33.000000+0000
R000139,ETH,2024-11-03T02:11:40.000000+0000
R000149,ETH,2024-11-04T21:24:11.000000+0000
R000153,ETH,2024-11-05T01:16:07.000000+0000
R000155,ETH,2024-11-05T07:42:41.000000+0000
R000157,BTC,2024-11-05T09:00:49.000000+0000
R000162,BTC,2024-11-05T19:50:13.000000+0000
R000163,BTC,2024-11-05T22:33:45.000000+0000
R000169,ETH,2024-11-06T04:59:55.000000+0000
R000172,BTC,2024-11-06T08:30:23.000000+0000
R000174,BTC,2024-11-06T10:38:33.000000+0000
R000179,BTC,2024-11-06T14:44:33.000000+0000
R000188,ETH,2024-11-06T22:48:32.000000+0000
R000190,BTC,2024-11-07T01:30:18.000000+0000
R000191,ETH,2024-11-07T03:17:39.000000+0000
R000192,ETH,2024-11-07T03:38:14.000000+0000
R000200,ETH,2024-11-07T14:48:33.000000+0000
R000206,ETH,2024-11-08T01:37:23.000000+0000
R000210,ETH,2024-11-08T15:47:03.000000+0000
R000211,ETH,2024-11-08T16:13:54.000000+0000
R000213,ETH,2024-11-08T17:34:12.000000+0000
R000215,BTC,2024-11-08T20:12:44.000000+0000
R000221,ETH,2024-11-09T05:26:08.000000+0000
R000223,ETH,2024-11-09T06:36:53.000000+0000
R000224,ETH,2024-11-09T09:20:27.000000+0000
R000226,ETH,2024-11-09T19:01:42.000000+0000
R000229,ETH,2024-11-09T22:46:15.000000+0000
R000230,ETH,2024-11-09T23:01:20.000000+0000
R000231,ETH,2024-11-09T23:52:04.000000+0000
R000235,ETH,2024-11-10T02:57:20.000000+0000
R000237,ETH,2024-11-10T04:33:11.000000+0000
R000238,ETH,2024-11-10T05:25:44.000000+0000
R000243,ETH,2024-11-10T10:40:47.000000+0000
R000245,ETH,2024-11-10T11:48:29.000000+0000
R000246,BTC,2024-11-10T12:08:54.000000+0000
R000256,ETH,2024-11-10T20:01:46.000000+0000
R000260,BTC,2024-11-10T22:16:50.000000+0000
R000267,ETH,2024-11-11T05:17:08.000000+0000
R000270,ETH,2024-11-11T09:18:00.000000+0000
R000274,BTC,2024-11-11T13:11:41.000000+0000
R000275,BTC,2024-11-11T14:33:55.000000+0000
R000277,BTC,2024-11-11T16:05:14.000000+0000
R000279,ETH,2024-11-11T17:56:16.000000+0000
R000280,BTC,2024-11-11T18:39:12.000000+0000
R000281,BTC,2024-11-11T19:03:01.000000+0000
R000282,BTC,2024-11-11T19:52:45.000000+0000
R000285,BTC,2024-11-11T23:01:34.000000+0000
R000292,BTC,2024-11-12T05:07:55.000000+0000
R000303,BTC,2024-11-12T13:36:50.000000+0000
R000304,ETH,2024-11-12T14:33:55.000000+0000
R000308,BTC,2024-11-12T17:21:16.000000+0000
R000321,BTC,2024-11-13T01:24:11.000000+0000
R000335,ETH,2024-11-13T13:30:21.000000+0000
R000341,BTC,2024-11-13T18:17:56.000000+0000
R000345,ETH,2024-11-13T21:04:37.000000+0000
R000346,ETH,2024-11-13T21:28:07.000000+0000
R000348,BTC,2024-11-13T23:29:08.000000+0000
R000363,BTC,2024-11-14T15:49:07.000000+0000
R000365,ETH,2024-11-14T16:41:02.000000+0000
R000381,ETH,2024-11-15T07:01:19.000000+0000
R000383,BTC,2024-11-15T09:06:52.000000+0000
R000394,ETH,2024-11-15T19:38:38.000000+0000
R000460,BTC,2024-11-18T14:55:54.000000+0000
R000464,BTC,2024-11-18T17:50:25.000000+0000
R000465,BTC,2024-11-18T18:22:36.000000+0000
R000466,BTC,2024-11-18T18:52:40.000000+0000
R000467,ETH,2024-11-18T19:11:00.000000+0000
R000469,ETH,2024-11-18T20:24:03.000000+0000
R000470,BTC,2024-11-18T21:02:42.000000+0000
R000472,BTC,2024-11-19T00:52:47.000000+0000
R000478,ETH,2024-11-19T18:17:39.000000+0000
R000479,BTC,2024-11-19T19:01:52.000000+0000
R000485,ETH,2024-11-20T01:04:57.000000+0000
R000487,BTC,2024-11-20T03:02:56.000000+0000
R000494,ETH,2024-11-20T18:38:51.000000+0000
R000501,BTC,2024-11-21T06:23:49.000000+0000
R000505,BTC,2024-11-21T09:10:31.000000+0000
R000506,BTC,2024-11-21T11:07:01.000000+0000
R000508,ETH,2024-11-21T14:46:30.000000+0000
R000520,ETH,2024-11-22T07:30:05.000000+0000
R000521,ETH,2024-11-22T10:21:16.000000+0000
R000525,ETH,2024-11-22T13:24:22.000000+0000
R000529,BTC,2024-11-22T21:09:06.000000+0000
R000530,ETH,2024-11-22T21:49:37.000000+0000
R000553,ETH,2024-11-24T14:05:06.000000+0000
R000554,BTC,2024-11-24T14:36:50.000000+0000
R000574,BTC,2024-11-25T19:23:42.000000+0000
R000586,ETH,2024-11-26T18:29:56.000000+0000
R000590,ETH,2024-11-27T14:37:58.000000+0000
R000592,ETH,2024-11-27T15:45:42.000000+0000
R000601,BTC,2024-11-30T06:14:50.000000+0000
R000604,ETH,2024-11-30T21:51:20.000000+0000
R000606,BTC,2024-12-01T02:10:42.000000+0000
R000607,BTC,2024-12-01T08:26:29.000000+0000
R000652,BTC,2024-12-04T20:52:10.000000+0000
R000657,BTC,2024-12-05T03:06:44.000000+0000
R000660,BTC,2024-12-05T12:55:23.000000+0000
R000663,BTC,2024-12-05T15:01:10.000000+0000
R000664,BTC,2024-12-05T15:23:07.000000+0000
R000665,BTC,2024-12-05T18:16:48.000000+0000
R000666,BTC,2024-12-05T20:10:30.000000+0000
R000667,BTC,2024-12-05T22:26:45.000000+0000
R000668,BTC,2024-12-05T23:12:26.000000+0000
R000670,BTC,2024-12-06T00:41:38.000000+0000
R000672,ETH,2024-12-06T02:01:05.000000+0000
R000673,BTC,2024-12-06T02:34:20.000000+0000
R000675,BTC,2024-12-06T09:51:57.000000+0000
R000678,ETH,2024-12-06T15:52:46.000000+0000
R000680,BTC,2024-12-06T17:43:01.000000+0000
R000683,BTC,2024-12-06T23:21:48.000000+0000
R000684,BTC,2024-12-07T00:22:35.000000+0000
R000691,BTC,2024-12-08T23:49:59.000000+0000
R000692,BTC,2024-12-09T00:34:20.000000+0000
R000693,BTC,2024-12-09T03:54:16.000000+0000
R000699,ETH,2024-12-09T19:52:14.000000+0000
R000701,ETH,2024-12-09T21:03:20.000000+0000
R000702,ETH,2024-12-09T22:21:36.000000+0000
R000703,BTC,2024-12-10T04:02:24.000000+0000
R000705,BTC,2024-12-10T04:46:13.000000+0000
R000706,ETH,2024-12-10T15:30:27.000000+0000
R000709,BTC,2024-12-10T17:06:12.000000+0000
R000714,BTC,2024-12-11T13:30:09.000000+0000
R000716,ETH,2024-12-12T05:30:17.000000+0000
R000718,ETH,2024-12-12T13:32:23.000000+0000
R000720,BTC,2024-12-12T22:57:17.000000+0000
R000722,BTC,2024-12-13T16:33:54.000000+0000
R000725,ETH,2024-12-15T22:24:13.000000+0000
R000726,BTC,2024-12-15T23:20:37.000000+0000
R000727,ETH,2024-12-15T23:57:00.000000+0000
R000728,BTC,2024-12-16T00:34:04.000000+0000
R000729,BTC,2024-12-16T00:55:04.000000+0000
R000732,BTC,2024-12-17T03:43:04.000000+0000
R000735,BTC,2024-12-17T20:34:46.000000+0000
R000736,ETH,2024-12-17T22:24:50.000000+0000
R000737,BTC,2024-12-18T02:08:20.000000+0000
R000738,BTC,2024-12-18T03:08:28.000000+0000
R000739,BTC,2024-12-18T05:42:52.000000+0000
R000741,ETH,2024-12-18T20:49:57.000000+0000
R000742,ETH,2024-12-18T23:05:46.000000+0000
R000745,ETH,2024-12-19T17:31:16.000000+0000
R000748,ETH,2024-12-19T20:11:01.000000+0000
R000749,ETH,2024-12-19T20:35:48.000000+0000
R000750,ETH,2024-12-19T21:46:40.000000+0000
R000751,ETH,2024-12-19T22:20:24.000000+0000
R000757,ETH,2024-12-20T10:14:55.000000+0000
R000761,BTC,2024-12-20T14:31:49.000000+0000
R000767,BTC,2024-12-22T18:28:11.000000+0000
R000770,BTC,2024-12-25T12:44:15.000000+0000
R000771,BTC,2024-12-26T08:01:56.000000+0000
R000773,ETH,2024-12-27T07:39:27.000000+0000
R000774,BTC,2024-12-27T09:05:46.000000+0000
R000775,BTC,2024-12-29T14:30:47.000000+0000
R000776,BTC,2024-12-30T14:35:31.000000+0000
R000777,ETH,2024-12-30T21:40:22.000000+0000
R000778,ETH,2024-12-31T00:03:33.000000+0000
R000780,ETH,2025-01-03T15:46:18.000000+0000
R000781,ETH,2025-01-07T14:59:14.000000+0000
R000783,ETH,2025-01-07T17:46:45.000000+0000
R000784,ETH,2025-01-07T19:40:47.000000+0000
R000785,ETH,2025-01-07T21:54:53.000000+0000
R000786,ETH,2025-01-08T06:40:10.000000+0000
R000787,ETH,2025-01-08T17:03:41.000000+0000
R000788,ETH,2025-01-09T08:08:07.000000+0000
R000789,BTC,2025-01-09T13:37:20.000000+0000
R000790,ETH,2025-01-09T13:54:04.000000+0000
R000791,ETH,2025-01-09T19:59:14.000000+0000
R000792,BTC,2025-01-09T20:21:47.000000+0000
R000793,ETH,2025-01-10T13:30:02.000000+0000
R000794,BTC,2025-01-10T17:56:34.000000+0000
R000796,ETH,2025-01-13T09:33:21.000000+0000
R000797,ETH,2025-01-13T11:32:56.000000+0000
R000798,ETH,2025-01-13T14:33:12.000000+0000
R000799,ETH,2025-01-13T20:51:54.000000+0000
R000800,ETH,2025-01-14T13:30:02.000000+0000
R000802,BTC,2025-01-15T13:30:02.000000+0000
R000810,ETH,2025-01-16T13:29:57.000000+0000
R000811,ETH,2025-01-16T14:43:03.000000+0000
R000812,ETH,2025-01-17T10:12:45.000000+0000
R000821,ETH,2025-01-18T10:13:59.000000+0000
R000822,ETH,2025-01-18T11:41:29.000000+0000
R000840,ETH,2025-01-19T15:24:00.000000+0000
R000843,ETH,2025-01-19T20:50:26.000000+0000
R000853,BTC,2025-01-20T09:06:05.000000+0000
R000854,BTC,2025-01-20T09:21:47.000000+0000
R000855,BTC,2025-01-20T12:13:58.000000+0000
R000856,BTC,2025-01-20T15:56:47.000000+0000
R000857,BTC,2025-01-20T17:04:25.000000+0000
R000858,BTC,2025-01-20T23:07:22.000000+0000
R000860,BTC,2025-01-21T00:17:46.000000+0000
R000866,BTC,2025-01-21T16:10:49.000000+0000
R000869,ETH,2025-01-22T07:21:43.000000+0000
R000875,ETH,2025-01-23T04:38:39.000000+0000
R000876,BTC,2025-01-23T15:07:46.000000+0000
R000877,BTC,2025-01-23T20:11:12.000000+0000
R000878,BTC,2025-01-23T20:58:31.000000+0000
R000888,BTC,2025-01-27T14:31:26.000000+0000
R000894,ETH,2025-02-02T17:32:05.000000+0000
R000896,ETH,2025-02-02T22:31:40.000000+0000
R000898,BTC,2025-02-03T00:25:07.000000+0000
R000900,ETH,2025-02-03T02:36:41.000000+0000
R000904,BTC,2025-02-03T05:26:13.000000+0000
R000905,BTC,2025-02-03T09:27:04.000000+0000
R000906,ETH,2025-02-03T10:18:24.000000+0000
R000907,ETH,2025-02-03T14:35:00.000000+0000
R000910,ETH,2025-02-03T16:51:18.000000+0000
R000911,BTC,2025-02-03T17:49:48.000000+0000
R000912,ETH,2025-02-03T22:02:41.000000+0000
R000913,ETH,2025-02-03T22:27:29.000000+0000
R000914,ETH,2025-02-04T16:13:24.000000+0000
R000915,ETH,2025-02-04T17:14:21.000000+0000
R000916,ETH,2025-02-04T23:12:08.000000+0000
R000917,ETH,2025-02-05T01:03:50.000000+0000
R000920,BTC,2025-02-07T13:30:02.000000+0000
R000921,ETH,2025-02-09T03:44:28.000000+0000
R000922,BTC,2025-02-09T21:37:23.000000+0000
R000923,BTC,2025-02-09T22:41:06.000000+0000
R000924,ETH,2025-02-10T01:41:42.000000+0000
R000926,ETH,2025-02-11T00:37:32.000000+0000
R000928,ETH,2025-02-11T22:57:57.000000+0000
R000929,BTC,2025-02-12T13:30:03.000000+0000
R000931,ETH,2025-02-12T22:20:15.000000+0000
R000932,ETH,2025-02-13T13:30:02.000000+0000
R000935,ETH,2025-02-15T14:36:38.000000+0000
R000937,ETH,2025-02-16T23:00:42.000000+0000
R000939,ETH,2025-02-17T14:10:21.000000+0000
R000940,BTC,2025-02-17T15:48:00.000000+0000
R000942,BTC,2025-02-18T08:48:33.000000+0000
R000943,ETH,2025-02-18T18:51:17.000000+0000
R000945,ETH,2025-02-21T09:16:48.000000+0000
R000946,ETH,2025-02-21T15:33:29.000000+0000
R000948,ETH,2025-02-23T07:19:13.000000+0000
R000949,ETH,2025-02-23T23:15:04.000000+0000
R000956,ETH,2025-02-25T07:06:52.000000+0000
R000958,ETH,2025-02-25T11:48:47.000000+0000
R000959,ETH,2025-02-25T14:33:39.000000+0000
R000960,BTC,2025-02-25T15:00:44.000000+0000
R000965,BTC,2025-02-26T15:00:06.000000+0000
R000966,ETH,2025-02-26T18:29:36.000000+0000
R000967,ETH,2025-02-28T01:30:47.000000+0000
R000968,BTC,2025-02-28T02:33:10.000000+0000
R000969,ETH,2025-02-28T04:05:01.000000+0000
R000970,ETH,2025-02-28T06:46:52.000000+0000
R000974,ETH,2025-02-28T13:30:25.000000+0000
R000977,BTC,2025-03-01T21:57:19.000000+0000
R000980,ETH,2025-03-02T17:43:39.000000+0000
R000981,ETH,2025-03-02T18:25:12.000000+0000
R000983,BTC,2025-03-02T23:18:15.000000+0000
R000984,ETH,2025-03-03T06:40:17.000000+0000
R000986,BTC,2025-03-03T14:53:08.000000+0000
R000988,BTC,2025-03-03T18:48:05.000000+0000
R000992,BTC,2025-03-04T01:38:22.000000+0000
R000995,BTC,2025-03-04T15:20:26.000000+0000
R000997,ETH,2025-03-04T17:20:00.000000+0000
R001001,BTC,2025-03-05T15:00:01.000000+0000
R001007,BTC,2025-03-07T00:15:30.000000+0000
R001008,BTC,2025-03-07T01:40:40.000000+0000
R001009,BTC,2025-03-07T09:21:42.000000+0000
R001011,BTC,2025-03-07T13:30:01.000000+0000
R001014,BTC,2025-03-07T20:56:49.000000+0000
R001015,BTC,2025-03-08T01:33:36.000000+0000
R001016,BTC,2025-03-09T12:06:12.000000+0000
R001017,BTC,2025-03-09T13:59:48.000000+0000
R001018,ETH,2025-03-09T15:46:09.000000+0000
R001021,BTC,2025-03-09T21:23:21.000000+0000
R001022,BTC,2025-03-09T22:55:36.000000+0000
R001023,ETH,2025-03-10T14:03:52.000000+0000
R001024,ETH,2025-03-10T17:03:48.000000+0000
R001027,BTC,2025-03-10T20:56:21.000000+0000
R001028,ETH,2025-03-11T00:51:09.000000+0000
R001031,ETH,2025-03-11T13:27:14.000000+0000
R001032,ETH,2025-03-11T14:08:43.000000+0000
R001035,ETH,2025-03-11T18:21:53.000000+0000
R001036,ETH,2025-03-12T08:16:51.000000+0000
R001037,ETH,2025-03-12T09:08:26.000000+0000
R001039,BTC,2025-03-12T12:30:02.000000+0000
R001040,BTC,2025-03-12T13:52:28.000000+0000
R001041,BTC,2025-03-12T14:32:35.000000+0000
R001042,BTC,2025-03-12T15:23:55.000000+0000
R001047,BTC,2025-03-13T12:30:02.000000+0000
R001048,ETH,2025-03-14T14:00:05.000000+0000
R001051,ETH,2025-03-14T15:53:32.000000+0000
R001053,ETH,2025-03-16T11:17:57.000000+0000
R001054,BTC,2025-03-16T16:08:33.000000+0000
R001055,ETH,2025-03-17T12:30:16.000000+0000
R001057,ETH,2025-03-19T10:31:03.000000+0000
R001058,ETH,2025-03-19T11:10:27.000000+0000
R001060,ETH,2025-03-19T14:09:34.000000+0000
R001062,ETH,2025-03-19T18:00:01.000000+0000
R001063,BTC,2025-03-19T18:53:58.000000+0000
R001065,BTC,2025-03-20T00:04:07.000000+0000
R001066,ETH,2025-03-21T12:41:22.000000+0000
R001068,ETH,2025-03-24T06:08:01.000000+0000
R001069,ETH,2025-03-24T08:19:39.000000+0000
R001072,BTC,2025-03-25T20:06:31.000000+0000
R001075,ETH,2025-03-26T05:42:38.000000+0000
R001079,ETH,2025-03-28T04:39:39.000000+0000
R001080,ETH,2025-03-28T11:25:14.000000+0000
R001085,ETH,2025-03-29T11:23:21.000000+0000
R001086,ETH,2025-03-29T16:46:39.000000+0000
R001087,ETH,2025-03-29T17:15:09.000000+0000
R001088,ETH,2025-03-30T13:32:15.000000+0000
R001089,ETH,2025-03-30T16:37:24.000000+0000
R001090,ETH,2025-03-30T22:07:42.000000+0000
R001092,ETH,2025-03-31T12:51:28.000000+0000
R001093,ETH,2025-04-01T00:52:09.000000+0000
R001098,BTC,2025-04-02T20:08:37.000000+0000
R001103,ETH,2025-04-03T12:43:39.000000+0000
R001104,BTC,2025-04-03T14:00:01.000000+0000
R001108,ETH,2025-04-06T13:46:04.000000+0000
R001109,ETH,2025-04-06T16:59:15.000000+0000
R001110,ETH,2025-04-06T17:27:14.000000+0000
R001112,ETH,2025-04-06T20:34:33.000000+0000
R001114,ETH,2025-04-07T06:34:33.000000+0000
R001115,ETH,2025-04-07T08:54:27.000000+0000
R001120,BTC,2025-04-07T17:00:17.000000+0000
R001121,BTC,2025-04-08T18:30:06.000000+0000
R001122,ETH,2025-04-08T22:21:00.000000+0000
R001123,ETH,2025-04-09T01:11:54.000000+0000
R001124,BTC,2025-04-09T07:03:14.000000+0000
R001125,BTC,2025-04-09T10:59:54.000000+0000
R001127,BTC,2025-04-09T17:18:44.000000+0000
R001128,ETH,2025-04-09T18:14:21.000000+0000
R001129,ETH,2025-04-10T07:30:27.000000+0000
R001130,ETH,2025-04-10T12:04:12.000000+0000
R001131,ETH,2025-04-10T12:29:34.000000+0000
R001132,ETH,2025-04-10T13:31:50.000000+0000
R001133,ETH,2025-04-10T16:21:17.000000+0000
R001134,ETH,2025-04-11T00:56:09.000000+0000
R001135,ETH,2025-04-11T10:33:58.000000+0000
R001136,BTC,2025-04-11T12:30:02.000000+0000
R001137,BTC,2025-04-11T14:00:01.000000+0000
R001138,ETH,2025-04-12T12:39:55.000000+0000
R001139,ETH,2025-04-13T11:16:23.000000+0000
R001141,ETH,2025-04-13T17:19:57.000000+0000
R001142,ETH,2025-04-13T19:37:55.000000+0000
R001143,BTC,2025-04-14T00:22:09.000000+0000
R001144,ETH,2025-04-14T10:21:11.000000+0000
R001145,ETH,2025-04-14T15:37:57.000000+0000
R001146,ETH,2025-04-14T21:37:41.000000+0000
R001147,ETH,2025-04-15T13:55:15.000000+0000
R001148,ETH,2025-04-16T05:24:27.000000+0000
R001149,ETH,2025-04-20T07:19:11.000000+0000
R001150,BTC,2025-04-21T14:20:01.000000+0000
R001152,ETH,2025-04-22T00:36:00.000000+0000
R001154,ETH,2025-04-22T15:04:20.000000+0000
R001157,ETH,2025-04-22T21:22:11.000000+0000
R001158,BTC,2025-04-22T21:49:23.000000+0000
R001159,BTC,2025-04-23T04:47:06.000000+0000
R001160,ETH,2025-04-23T12:12:32.000000+0000
R001162,BTC,2025-04-23T13:38:04.000000+0000
R001164,ETH,2025-04-24T04:09:40.000000+0000
R001168,ETH,2025-04-27T13:07:33.000000+0000
R001169,ETH,2025-04-28T00:07:13.000000+0000
R001173,ETH,2025-04-29T13:16:28.000000+0000
R001174,ETH,2025-05-01T14:00:06.000000+0000
R001175,ETH,2025-05-01T15:10:53.000000+0000
R001176,ETH,2025-05-02T12:30:02.000000+0000
R001177,ETH,2025-05-05T01:30:56.000000+0000
R001178,ETH,2025-05-08T07:33:44.000000+0000
R001179,ETH,2025-05-08T10:49:49.000000+0000
R001180,ETH,2025-05-08T15:24:25.000000+0000
R001182,ETH,2025-05-08T19:21:03.000000+0000
R001183,ETH,2025-05-08T19:52:45.000000+0000
R001184,BTC,2025-05-08T21:18:15.000000+0000
R001185,ETH,2025-05-08T21:41:18.000000+0000
R001187,ETH,2025-05-09T07:42:48.000000+0000
R001188,ETH,2025-05-09T08:27:35.000000+0000
R001189,ETH,2025-05-09T09:11:07.000000+0000
R001190,ETH,2025-05-09T09:27:09.000000+0000
R001192,ETH,2025-05-09T11:26:43.000000+0000
R001193,ETH,2025-05-09T14:37:48.000000+0000
R001195,ETH,2025-05-10T07:53:45.000000+0000
R001196,ETH,2025-05-10T08:50:43.000000+0000
R001197,ETH,2025-05-10T13:48:14.000000+0000
R001198,ETH,2025-05-10T17:48:02.000000+0000
R001199,ETH,2025-05-10T22:38:04.000000+0000
R001202,ETH,2025-05-11T07:05:15.000000+0000
R001203,ETH,2025-05-11T15:54:45.000000+0000
R001207,ETH,2025-05-12T07:40:45.000000+0000
R001211,BTC,2025-05-12T14:29:03.000000+0000
R001212,ETH,2025-05-12T15:04:52.000000+0000
R001215,BTC,2025-05-12T18:07:55.000000+0000
R001218,ETH,2025-05-13T12:30:02.000000+0000
R001219,ETH,2025-05-13T19:51:25.000000+0000
R001220,ETH,2025-05-14T01:49:25.000000+0000
R001222,ETH,2025-05-14T21:13:59.000000+0000
R001225,ETH,2025-05-15T12:30:02.000000+0000
R001234,ETH,2025-05-17T20:54:45.000000+0000
R001237,ETH,2025-05-18T17:27:28.000000+0000
R001238,ETH,2025-05-18T19:31:21.000000+0000
R001239,ETH,2025-05-18T20:00:15.000000+0000
R001240,ETH,2025-05-18T21:52:20.000000+0000
R001241,ETH,2025-05-19T18:30:39.000000+0000
R001242,ETH,2025-05-19T19:33:54.000000+0000
R001243,ETH,2025-05-20T07:06:12.000000+0000
R001244,ETH,2025-05-20T13:35:09.000000+0000
R001245,ETH,2025-05-20T14:14:38.000000+0000
R001247,BTC,2025-05-22T06:28:24.000000+0000
R001248,ETH,2025-05-22T13:35:08.000000+0000
R001250,ETH,2025-05-23T11:47:25.000000+0000
R001251,ETH,2025-05-24T21:21:03.000000+0000
R001252,ETH,2025-05-25T00:42:20.000000+0000
R001253,ETH,2025-05-27T13:08:40.000000+0000
R001255,ETH,2025-05-29T12:42:06.000000+0000
R001259,ETH,2025-05-30T16:32:37.000000+0000
R001261,ETH,2025-06-01T01:54:37.000000+0000
R001262,ETH,2025-06-01T12:35:31.000000+0000
R001263,BTC,2025-06-01T18:55:39.000000+0000
R001264,ETH,2025-06-02T15:25:04.000000+0000
R001265,ETH,2025-06-02T22:00:39.000000+0000
R001267,ETH,2025-06-05T10:38:52.000000+0000
R001268,ETH,2025-06-05T14:18:43.000000+0000
R001273,ETH,2025-06-05T21:42:04.000000+0000
R001274,ETH,2025-06-06T00:22:16.000000+0000
R001275,BTC,2025-06-07T12:41:25.000000+0000
R001276,ETH,2025-06-08T09:27:20.000000+0000
R001278,BTC,2025-06-08T13:48:17.000000+0000
R001279,BTC,2025-06-09T21:10:06.000000+0000
R001280,BTC,2025-06-09T21:26:54.000000+0000
R001281,ETH,2025-06-10T11:16:32.000000+0000
R001284,ETH,2025-06-10T15:33:23.000000+0000
R001286,ETH,2025-06-10T21:37:30.000000+0000
R001290,BTC,2025-06-11T12:30:02.000000+0000
R001291,ETH,2025-06-12T07:40:35.000000+0000
R001292,ETH,2025-06-12T11:29:43.000000+0000
R001293,ETH,2025-06-12T12:09:31.000000+0000
R001294,BTC,2025-06-12T16:29:07.000000+0000
R001295,BTC,2025-06-12T20:43:42.000000+0000
R001296,BTC,2025-06-13T00:02:33.000000+0000
R001297,BTC,2025-06-13T00:28:02.000000+0000
R001298,ETH,2025-06-13T01:11:30.000000+0000
R001299,ETH,2025-06-13T02:43:46.000000+0000
R001300,BTC,2025-06-13T10:39:24.000000+0000
R001303,ETH,2025-06-14T16:46:42.000000+0000
R001305,ETH,2025-06-16T01:08:33.000000+0000
R001306,ETH,2025-06-16T05:31:48.000000+0000
R001307,ETH,2025-06-16T07:01:57.000000+0000
R001308,ETH,2025-06-16T22:36:39.000000+0000
R001309,ETH,2025-06-17T14:59:47.000000+0000
R001310,BTC,2025-06-17T16:49:05.000000+0000
R001313,ETH,2025-06-21T21:24:45.000000+0000
R001314,ETH,2025-06-21T23:34:50.000000+0000
R001315,ETH,2025-06-22T02:40:07.000000+0000
R001316,ETH,2025-06-22T09:53:43.000000+0000
R001317,ETH,2025-06-22T13:27:50.000000+0000
R001318,ETH,2025-06-22T20:09:30.000000+0000
R001319,ETH,2025-06-22T20:31:43.000000+0000
R001320,ETH,2025-06-22T22:05:24.000000+0000
R001321,BTC,2025-06-23T00:48:55.000000+0000
R001322,ETH,2025-06-23T07:05:04.000000+0000
R001324,ETH,2025-06-23T22:24:26.000000+0000
R001325,ETH,2025-06-24T09:28:28.000000+0000
R001326,ETH,2025-06-24T16:43:43.000000+0000
R001328,ETH,2025-06-26T02:53:45.000000+0000
R001329,ETH,2025-06-26T21:34:23.000000+0000
R001330,ETH,2025-06-27T01:09:34.000000+0000
R001331,BTC,2025-06-27T16:33:50.000000+0000
R001334,ETH,2025-06-29T21:04:26.000000+0000
R001336,ETH,2025-06-30T01:06:20.000000+0000
R001337,ETH,2025-06-30T14:57:57.000000+0000
R001341,BTC,2025-06-30T21:54:00.000000+0000
R001344,ETH,2025-07-01T18:58:45.000000+0000
R001345,ETH,2025-07-02T01:17:40.000000+0000
R001347,BTC,2025-07-02T17:38:09.000000+0000
R001349,ETH,2025-07-03T12:30:02.000000+0000
R001350,ETH,2025-07-03T13:37:20.000000+0000
R001351,ETH,2025-07-05T16:37:17.000000+0000
R001353,ETH,2025-07-06T21:30:31.000000+0000
R001354,BTC,2025-07-06T21:46:29.000000+0000
R001362,ETH,2025-07-09T18:08:58.000000+0000
R001363,BTC,2025-07-09T19:24:04.000000+0000
R001365,ETH,2025-07-10T02:10:51.000000+0000
R001366,BTC,2025-07-10T15:41:43.000000+0000
R001367,BTC,2025-07-10T16:24:28.000000+0000
R001369,BTC,2025-07-10T21:17:00.000000+0000
R001370,ETH,2025-07-11T04:33:30.000000+0000
R001371,ETH,2025-07-11T05:30:49.000000+0000
R001379,ETH,2025-07-11T17:20:08.000000+0000
R001383,ETH,2025-07-11T22:33:58.000000+0000
R001393,BTC,2025-07-13T12:54:30.000000+0000
R001394,BTC,2025-07-13T14:18:30.000000+0000
R001397,BTC,2025-07-13T23:47:10.000000+0000
R001399,ETH,2025-07-14T02:36:19.000000+0000
R001400,BTC,2025-07-14T03:42:19.000000+0000
R001401,BTC,2025-07-14T05:22:36.000000+0000
R001403,BTC,2025-07-14T07:38:22.000000+0000
R001406,ETH,2025-07-14T09:43:40.000000+0000
R001411,BTC,2025-07-15T04:09:47.000000+0000
R001412,BTC,2025-07-15T06:02:48.000000+0000
R001413,BTC,2025-07-15T12:30:02.000000+0000
R001414,BTC,2025-07-15T14:56:33.000000+0000
R001415,ETH,2025-07-15T17:44:16.000000+0000
R001419,BTC,2025-07-16T14:08:55.000000+0000
R001420,ETH,2025-07-16T14:30:55.000000+0000
R001421,ETH,2025-07-16T17:53:14.000000+0000
R001422,ETH,2025-07-16T18:50:02.000000+0000
R001430,BTC,2025-07-17T17:48:14.000000+0000
R001439,BTC,2025-07-18T05:09:55.000000+0000
R001440,BTC,2025-07-18T08:23:08.000000+0000
R001445,ETH,2025-07-18T20:07:11.000000+0000
R001454,ETH,2025-07-20T03:35:31.000000+0000
R001458,BTC,2025-07-20T22:09:11.000000+0000
R001466,BTC,2025-07-21T18:22:09.000000+0000
R001469,ETH,2025-07-22T01:05:31.000000+0000
R001470,BTC,2025-07-22T01:40:32.000000+0000
R001471,BTC,2025-07-22T02:42:51.000000+0000
R001477,BTC,2025-07-22T18:53:29.000000+0000
R001478,BTC,2025-07-22T20:04:58.000000+0000
R001479,BTC,2025-07-23T02:03:17.000000+0000
R001485,ETH,2025-07-23T20:28:03.000000+0000
R001491,BTC,2025-07-24T09:49:14.000000+0000
R001494,BTC,2025-07-25T03:30:40.000000+0000
R001496,ETH,2025-07-26T02:22:49.000000+0000
R001498,BTC,2025-07-27T02:53:35.000000+0000
R001499,BTC,2025-07-27T16:12:10.000000+0000
R001501,BTC,2025-07-28T19:03:44.000000+0000
R001502,BTC,2025-07-29T00:16:26.000000+0000
R001503,BTC,2025-07-29T00:34:42.000000+0000
R001504,BTC,2025-07-29T19:15:52.000000+0000
R001505,BTC,2025-07-29T20:19:14.000000+0000
R001509,BTC,2025-07-30T18:47:35.000000+0000
R001512,BTC,2025-08-01T00:51:21.000000+0000
R001513,BTC,2025-08-01T09:01:52.000000+0000
R001514,BTC,2025-08-01T12:30:02.000000+0000
R001515,BTC,2025-08-01T14:03:18.000000+0000
R001516,BTC,2025-08-01T20:01:56.000000+0000
R001523,ETH,2025-08-08T13:46:55.000000+0000
R001524,ETH,2025-08-09T05:05:51.000000+0000
R001525,ETH,2025-08-09T09:47:27.000000+0000
R001527,BTC,2025-08-09T20:40:36.000000+0000
R001528,ETH,2025-08-09T22:25:15.000000+0000
R001529,ETH,2025-08-10T02:25:48.000000+0000
R001530,BTC,2025-08-10T03:26:17.000000+0000
R001532,BTC,2025-08-10T20:18:52.000000+0000
R001533,BTC,2025-08-11T01:59:58.000000+0000
R001534,BTC,2025-08-11T02:21:34.000000+0000
R001535,BTC,2025-08-11T04:51:51.000000+0000
R001536,BTC,2025-08-11T19:52:25.000000+0000
R001538,BTC,2025-08-11T21:53:51.000000+0000
R001540,ETH,2025-08-12T15:54:30.000000+0000
R001541,BTC,2025-08-12T17:29:15.000000+0000
R001543,BTC,2025-08-14T00:38:15.000000+0000
R001544,BTC,2025-08-14T12:30:02.000000+0000
R001549,ETH,2025-08-17T18:55:19.000000+0000
R001551,BTC,2025-08-18T06:22:37.000000+0000
R001552,ETH,2025-08-18T09:35:09.000000+0000
R001553,ETH,2025-08-19T03:38:14.000000+0000
R001554,BTC,2025-08-19T15:14:21.000000+0000
R001555,BTC,2025-08-20T15:16:49.000000+0000
R001557,ETH,2025-08-21T16:06:26.000000+0000
R001558,BTC,2025-08-22T14:00:05.000000+0000
R001559,ETH,2025-08-22T16:08:07.000000+0000
R001560,ETH,2025-08-22T17:14:07.000000+0000
R001561,ETH,2025-08-22T21:04:12.000000+0000
R001564,ETH,2025-08-24T17:40:39.000000+0000
R001565,BTC,2025-08-24T19:34:16.000000+0000
R001567,BTC,2025-08-25T20:00:20.000000+0000
R001568,BTC,2025-08-25T20:34:04.000000+0000
R001569,BTC,2025-08-26T01:01:18.000000+0000
R001571,BTC,2025-08-27T20:21:01.000000+0000
R001573,ETH,2025-08-29T07:01:38.000000+0000
R001575,ETH,2025-08-30T01:54:36.000000+0000
R001577,ETH,2025-09-01T20:38:50.000000+0000
R001578,BTC,2025-09-02T14:31:19.000000+0000
R001579,ETH,2025-09-05T12:30:04.000000+0000
R001580,BTC,2025-09-05T14:23:01.000000+0000
R001581,BTC,2025-09-05T21:16:47.000000+0000
R001582,ETH,2025-09-06T16:21:21.000000+0000
R001583,ETH,2025-09-06T16:55:25.000000+0000
R001584,BTC,2025-09-07T08:04:36.000000+0000
R001585,BTC,2025-09-08T09:08:38.000000+0000
R001586,BTC,2025-09-09T14:05:46.000000+0000
R001587,BTC,2025-09-10T12:30:02.000000+0000
R001589,BTC,2025-09-11T12:30:03.000000+0000
R001591,BTC,2025-09-12T01:24:42.000000+0000
R001595,ETH,2025-09-13T16:04:42.000000+0000
R001596,BTC,2025-09-13T16:43:45.000000+0000
R001599,BTC,2025-09-15T04:24:18.000000+0000
R001603,BTC,2025-09-17T05:45:14.000000+0000
R001608,BTC,2025-09-18T14:00:54.000000+0000
R001610,BTC,2025-09-18T23:03:49.000000+0000
R001614,BTC,2025-09-22T06:28:39.000000+0000
R001615,BTC,2025-09-22T07:50:13.000000+0000
R001617,ETH,2025-09-22T19:36:17.000000+0000
R001620,ETH,2025-09-25T03:22:07.000000+0000
R001621,ETH,2025-09-25T04:53:48.000000+0000
R001627,ETH,2025-09-27T08:05:12.000000+0000
R001628,ETH,2025-09-27T12:48:05.000000+0000
R001629,ETH,2025-09-28T22:05:47.000000+0000
R001630,BTC,2025-09-29T13:42:58.000000+0000
R001631,ETH,2025-09-30T00:50:47.000000+0000
R001632,ETH,2025-10-01T08:45:12.000000+0000
R001633,ETH,2025-10-02T00:02:24.000000+0000
R001635,ETH,2025-10-02T06:29:32.000000+0000
R001636,ETH,2025-10-02T15:04:16.000000+0000
R001638,BTC,2025-10-03T16:00:53.000000+0000
R001639,ETH,2025-10-03T17:00:33.000000+0000
R001641,BTC,2025-10-05T02:30:45.000000+0000
R001642,BTC,2025-10-05T04:45:53.000000+0000
R001643,BTC,2025-10-05T09:30:21.000000+0000
R001644,ETH,2025-10-05T16:46:29.000000+0000
R001645,BTC,2025-10-06T11:29:34.000000+0000
R001647,BTC,2025-10-06T18:56:43.000000+0000
R001650,BTC,2025-10-07T16:24:14.000000+0000
R001652,ETH,2025-10-07T23:50:01.000000+0000
R001653,BTC,2025-10-09T16:23:46.000000+0000
R001657,ETH,2025-10-10T20:52:33.000000+0000
R001662,ETH,2025-10-11T01:50:20.000000+0000
R001663,BTC,2025-10-11T02:13:32.000000+0000
R001664,ETH,2025-10-11T04:15:51.000000+0000
R001665,BTC,2025-10-11T07:09:06.000000+0000
R001666,BTC,2025-10-11T07:27:15.000000+0000
R001669,BTC,2025-10-11T20:46:57.000000+0000
R001670,BTC,2025-10-12T02:13:24.000000+0000
R001671,BTC,2025-10-12T03:09:51.000000+0000
R001672,BTC,2025-10-12T03:28:49.000000+0000
R001673,BTC,2025-10-12T06:26:59.000000+0000
R001674,ETH,2025-10-12T10:01:25.000000+0000
R001675,ETH,2025-10-12T14:46:32.000000+0000
R001676,BTC,2025-10-12T16:05:20.000000+0000
R001678,BTC,2025-10-12T17:51:15.000000+0000
R001679,ETH,2025-10-12T20:50:36.000000+0000
R001680,BTC,2025-10-12T21:13:04.000000+0000
R001682,ETH,2025-10-13T11:28:31.000000+0000
R001683,BTC,2025-10-13T13:45:16.000000+0000
R001685,BTC,2025-10-14T04:51:46.000000+0000
R001686,ETH,2025-10-14T11:00:44.000000+0000
R001687,BTC,2025-10-14T16:22:13.000000+0000
R001688,BTC,2025-10-14T19:37:20.000000+0000
R001689,ETH,2025-10-15T13:47:54.000000+0000
R001691,BTC,2025-10-16T15:41:21.000000+0000
R001694,BTC,2025-10-17T08:16:53.000000+0000
R001695,ETH,2025-10-17T11:15:23.000000+0000
R001696,BTC,2025-10-18T02:34:46.000000+0000
R001697,BTC,2025-10-18T04:05:02.000000+0000
R001698,ETH,2025-10-19T08:19:18.000000+0000
R001699,BTC,2025-10-19T09:41:18.000000+0000
R001700,BTC,2025-10-19T11:01:20.000000+0000
R001701,ETH,2025-10-19T13:30:17.000000+0000
R001702,ETH,2025-10-19T17:04:38.000000+0000
R001703,ETH,2025-10-20T16:01:02.000000+0000
R001704,BTC,2025-10-20T16:43:27.000000+0000
R001705,BTC,2025-10-21T01:55:48.000000+0000
R001706,ETH,2025-10-21T04:02:20.000000+0000
R001707,BTC,2025-10-21T13:09:28.000000+0000
R001708,BTC,2025-10-21T15:07:50.000000+0000
R001709,ETH,2025-10-21T16:00:12.000000+0000
R001711,BTC,2025-10-21T21:21:41.000000+0000
R001712,BTC,2025-10-21T22:09:04.000000+0000
R001713,ETH,2025-10-22T00:35:14.000000+0000
R001715,BTC,2025-10-22T06:39:36.000000+0000
R001716,ETH,2025-10-22T07:58:47.000000+0000
R001717,ETH,2025-10-22T11:02:19.000000+0000
R001718,BTC,2025-10-22T13:58:08.000000+0000
R001719,ETH,2025-10-22T14:24:52.000000+0000
R001720,BTC,2025-10-22T14:46:26.000000+0000
R001721,BTC,2025-10-22T16:30:39.000000+0000
R001722,BTC,2025-10-22T17:20:18.000000+0000
R001724,BTC,2025-10-22T18:56:53.000000+0000
R001726,BTC,2025-10-22T20:51:56.000000+0000
R001727,BTC,2025-10-23T01:12:43.000000+0000
R001728,BTC,2025-10-23T06:15:38.000000+0000
R001729,BTC,2025-10-23T16:54:19.000000+0000
R001730,BTC,2025-10-23T20:58:14.000000+0000
R001731,BTC,2025-10-24T12:30:02.000000+0000
R001732,BTC,2025-10-24T13:39:25.000000+0000
R001733,BTC,2025-10-24T15:12:24.000000+0000
R001734,ETH,2025-10-24T15:57:41.000000+0000
R001735,BTC,2025-10-24T21:10:04.000000+0000
R001736,ETH,2025-10-25T07:33:24.000000+0000
R001737,ETH,2025-10-26T22:02:42.000000+0000
R001739,BTC,2025-10-27T20:56:28.000000+0000
R001741,BTC,2025-10-28T20:39:41.000000+0000
R001742,BTC,2025-10-28T21:07:22.000000+0000
R001743,BTC,2025-10-29T15:28:11.000000+0000
R001744,ETH,2025-10-29T18:00:17.000000+0000
R001745,BTC,2025-10-29T18:35:31.000000+0000
R001747,ETH,2025-10-29T23:37:22.000000+0000
R001748,BTC,2025-10-30T01:59:53.000000+0000
R001749,BTC,2025-10-30T03:59:50.000000+0000
R001750,BTC,2025-10-30T04:26:18.000000+0000
R001752,ETH,2025-10-30T13:36:39.000000+0000
R001754,BTC,2025-10-30T23:34:31.000000+0000
R001755,BTC,2025-10-31T04:40:27.000000+0000
R001757,ETH,2025-10-31T13:21:20.000000+0000
R001758,BTC,2025-10-31T14:35:05.000000+0000
R001759,BTC,2025-10-31T15:08:03.000000+0000
R001760,BTC,2025-10-31T18:44:05.000000+0000
R001761,BTC,2025-10-31T19:46:47.000000+0000
R001762,ETH,2025-11-02T09:41:28.000000+0000
R001763,ETH,2025-11-02T10:03:22.000000+0000
R001764,BTC,2025-11-02T16:00:34.000000+0000
R001765,BTC,2025-11-02T22:34:36.000000+0000
R001766,ETH,2025-11-02T23:39:10.000000+0000
R001768,ETH,2025-11-03T03:13:25.000000+0000
R001769,ETH,2025-11-03T10:59:13.000000+0000
R001770,ETH,2025-11-03T11:16:12.000000+0000
R001771,BTC,2025-11-03T12:04:30.000000+0000
R001772,ETH,2025-11-03T13:25:54.000000+0000
R001774,BTC,2025-11-03T17:21:23.000000+0000
R001775,ETH,2025-11-04T01:38:51.000000+0000
R001777,ETH,2025-11-04T06:17:14.000000+0000
R001778,ETH,2025-11-04T07:03:43.000000+0000
R001779,BTC,2025-11-04T14:32:19.000000+0000
R001780,ETH,2025-11-04T18:37:08.000000+0000
R001781,ETH,2025-11-04T20:17:37.000000+0000
R001782,BTC,2025-11-04T21:14:37.000000+0000
R001783,ETH,2025-11-04T21:53:39.000000+0000
R001784,ETH,2025-11-05T02:44:55.000000+0000
R001786,BTC,2025-11-05T20:12:56.000000+0000
R001787,ETH,2025-11-06T07:17:15.000000+0000
R001788,ETH,2025-11-06T10:34:44.000000+0000
R001789,BTC,2025-11-06T11:02:50.000000+0000
R001790,BTC,2025-11-06T16:42:33.000000+0000
R001791,BTC,2025-11-06T16:58:53.000000+0000
R001794,ETH,2025-11-08T16:52:54.000000+0000
R001796,BTC,2025-11-09T14:09:43.000000+0000
R001797,ETH,2025-11-09T14:26:28.000000+0000
R001799,ETH,2025-11-09T17:20:09.000000+0000
R001800,ETH,2025-11-10T14:45:47.000000+0000
R001803,BTC,2025-11-11T15:12:15.000000+0000
R001804,BTC,2025-11-13T03:15:34.000000+0000
R001806,BTC,2025-11-13T06:00:21.000000+0000
R001807,BTC,2025-11-13T12:00:02.000000+0000
R001809,BTC,2025-11-13T14:51:22.000000+0000
R001810,BTC,2025-11-13T16:55:45.000000+0000
R001813,BTC,2025-11-13T23:52:40.000000+0000
R001814,BTC,2025-11-14T00:08:56.000000+0000
R001815,BTC,2025-11-14T04:34:53.000000+0000
R001816,BTC,2025-11-14T06:49:01.000000+0000
R001817,BTC,2025-11-14T14:09:54.000000+0000
R001819,BTC,2025-11-14T18:59:05.000000+0000
R001820,BTC,2025-11-15T01:55:06.000000+0000
R001821,ETH,2025-11-16T09:51:25.000000+0000
R001822,ETH,2025-11-16T11:14:26.000000+0000
R001823,BTC,2025-11-16T15:53:31.000000+0000
R001824,ETH,2025-11-16T17:22:52.000000+0000
R001825,ETH,2025-11-16T17:59:20.000000+0000
R001826,ETH,2025-11-16T23:02:48.000000+0000
R001827,ETH,2025-11-17T02:11:26.000000+0000
R001828,BTC,2025-11-17T13:29:06.000000+0000
R001829,BTC,2025-11-17T14:36:46.000000+0000
R001830,ETH,2025-11-17T18:38:26.000000+0000
R001831,BTC,2025-11-17T22:12:45.000000+0000
R001832,ETH,2025-11-18T03:00:52.000000+0000
R001834,BTC,2025-11-18T04:47:26.000000+0000
R001836,BTC,2025-11-18T15:22:18.000000+0000
R001837,ETH,2025-11-19T21:23:08.000000+0000
R001838,BTC,2025-11-19T23:07:10.000000+0000
R001840,BTC,2025-11-20T13:30:06.000000+0000
R001841,BTC,2025-11-20T14:11:00.000000+0000
R001843,BTC,2025-11-20T17:35:20.000000+0000
R001844,BTC,2025-11-21T02:44:40.000000+0000
R001845,BTC,2025-11-21T07:32:49.000000+0000
R001846,BTC,2025-11-21T12:23:32.000000+0000
R001847,ETH,2025-11-21T12:41:27.000000+0000
R001848,BTC,2025-11-21T14:34:06.000000+0000
R001849,ETH,2025-11-21T14:59:24.000000+0000
R001850,ETH,2025-11-21T15:37:45.000000+0000
R001851,ETH,2025-11-21T16:03:36.000000+0000
R001852,BTC,2025-11-21T16:52:14.000000+0000
R001853,BTC,2025-11-21T18:07:13.000000+0000
R001854,BTC,2025-11-21T18:48:13.000000+0000
R001855,BTC,2025-11-21T20:57:54.000000+0000
R001856,ETH,2025-11-22T08:34:33.000000+0000
R001857,ETH,2025-11-22T22:53:27.000000+0000
R001859,BTC,2025-11-24T06:42:07.000000+0000
R001861,BTC,2025-11-25T01:24:59.000000+0000
R001863,ETH,2025-11-26T12:04:07.000000+0000
R001866,BTC,2025-11-27T01:05:01.000000+0000
R001867,ETH,2025-11-27T01:57:44.000000+0000
R001868,ETH,2025-11-27T02:21:01.000000+0000
R001869,ETH,2025-11-29T17:33:28.000000+0000
R001870,BTC,2025-11-30T13:23:30.000000+0000
R001871,BTC,2025-12-01T00:04:06.000000+0000
R001872,ETH,2025-12-01T02:39:10.000000+0000
R001873,BTC,2025-12-01T12:48:32.000000+0000
R001874,BTC,2025-12-01T14:48:24.000000+0000
R001875,ETH,2025-12-01T15:14:52.000000+0000
R001876,BTC,2025-12-01T21:31:40.000000+0000
R001877,BTC,2025-12-02T08:42:49.000000+0000
R001878,ETH,2025-12-02T15:43:17.000000+0000
R001879,BTC,2025-12-02T16:02:12.000000+0000
R001880,BTC,2025-12-02T17:05:05.000000+0000
R001881,BTC,2025-12-02T20:16:30.000000+0000
R001882,ETH,2025-12-03T02:11:54.000000+0000
R001883,BTC,2025-12-03T02:46:30.000000+0000
R001884,BTC,2025-12-03T06:44:21.000000+0000
R001885,BTC,2025-12-03T14:02:13.000000+0000
R001886,ETH,2025-12-03T14:43:16.000000+0000
R001887,ETH,2025-12-03T20:52:48.000000+0000
R001888,BTC,2025-12-04T13:46:18.000000+0000
R001889,BTC,2025-12-05T03:56:29.000000+0000
R001890,BTC,2025-12-05T15:04:17.000000+0000
R001891,BTC,2025-12-05T16:42:21.000000+0000
R001892,BTC,2025-12-06T19:07:41.000000+0000
R001893,BTC,2025-12-06T23:03:26.000000+0000
R001894,BTC,2025-12-07T13:22:52.000000+0000
R001895,ETH,2025-12-07T14:24:52.000000+0000
R001896,ETH,2025-12-07T15:55:34.000000+0000
R001897,ETH,2025-12-07T17:18:22.000000+0000
R001898,ETH,2025-12-08T09:05:24.000000+0000
R001899,ETH,2025-12-09T15:44:24.000000+0000
R001900,ETH,2025-12-09T16:01:02.000000+0000
R001901,ETH,2025-12-09T22:38:51.000000+0000
R001902,BTC,2025-12-10T11:42:25.000000+0000
R001903,ETH,2025-12-10T19:00:14.000000+0000
R001904,BTC,2025-12-10T19:40:08.000000+0000
R001908,BTC,2025-12-14T11:03:19.000000+0000
R001909,BTC,2025-12-14T11:44:43.000000+0000
R001910,BTC,2025-12-14T16:57:27.000000+0000
R001911,ETH,2025-12-14T23:32:30.000000+0000
R001912,ETH,2025-12-15T00:01:35.000000+0000
R001915,ETH,2025-12-16T04:49:30.000000+0000
R001916,BTC,2025-12-16T13:30:02.000000+0000
R001917,ETH,2025-12-17T14:46:08.000000+0000
R001918,BTC,2025-12-17T15:58:32.000000+0000
R001920,BTC,2025-12-18T13:30:02.000000+0000
R001921,BTC,2025-12-18T19:16:38.000000+0000
R001922,BTC,2025-12-18T19:40:59.000000+0000
R001923,BTC,2025-12-18T21:00:30.000000+0000
R001924,BTC,2025-12-19T14:44:43.000000+0000
R001925,BTC,2025-12-19T15:16:26.000000+0000
R001926,BTC,2025-12-19T17:33:18.000000+0000
R001927,ETH,2025-12-19T17:59:32.000000+0000
R001929,BTC,2025-12-22T00:13:51.000000+0000
R001930,BTC,2025-12-22T02:05:39.000000+0000
R001931,ETH,2025-12-22T18:58:23.000000+0000
R001932,ETH,2025-12-23T13:36:23.000000+0000
R001933,BTC,2025-12-24T16:33:36.000000+0000
R001937,ETH,2025-12-27T23:47:02.000000+0000
R001940,ETH,2025-12-29T03:35:33.000000+0000
R001941,ETH,2025-12-29T07:08:50.000000+0000
R001951,BTC,2026-01-03T12:46:17.000000+0000
R001952,BTC,2026-01-04T00:05:23.000000+0000
R001958,ETH,2026-01-05T00:49:33.000000+0000
R001959,ETH,2026-01-05T01:37:43.000000+0000
R001964,ETH,2026-01-05T20:03:50.000000+0000
R001967,BTC,2026-01-06T17:41:00.000000+0000
R001970,ETH,2026-01-07T18:25:36.000000+0000
R001973,ETH,2026-01-09T01:29:57.000000+0000
R001974,BTC,2026-01-09T08:04:34.000000+0000
R001975,BTC,2026-01-09T13:30:02.000000+0000
R001980,ETH,2026-01-12T14:39:45.000000+0000
R001981,BTC,2026-01-13T13:30:03.000000+0000
R001982,ETH,2026-01-13T22:08:54.000000+0000
R001984,ETH,2026-01-14T10:20:09.000000+0000
R001985,ETH,2026-01-14T14:17:00.000000+0000
R001987,ETH,2026-01-14T19:30:01.000000+0000
R001988,BTC,2026-01-14T22:56:49.000000+0000
R001990,ETH,2026-01-15T03:27:33.000000+0000
R001991,BTC,2026-01-15T18:10:04.000000+0000
R001992,BTC,2026-01-15T19:31:12.000000+0000
R001997,BTC,2026-01-18T23:46:27.000000+0000
R001998,ETH,2026-01-20T08:13:16.000000+0000
R002001,ETH,2026-01-20T22:33:22.000000+0000
R002003,ETH,2026-01-21T17:14:06.000000+0000
R002004,BTC,2026-01-21T19:28:23.000000+0000
R002006,BTC,2026-01-21T23:14:08.000000+0000
R002007,ETH,2026-01-23T17:36:41.000000+0000
R002009,ETH,2026-01-25T18:13:03.000000+0000
R002010,BTC,2026-01-25T18:44:37.000000+0000
R002013,ETH,2026-01-26T08:23:26.000000+0000
R002014,ETH,2026-01-26T14:34:33.000000+0000
R002015,ETH,2026-01-26T15:10:45.000000+0000
R002016,ETH,2026-01-27T14:15:48.000000+0000
R002017,BTC,2026-01-28T18:00:37.000000+0000
R002018,ETH,2026-01-29T02:31:54.000000+0000
R002019,ETH,2026-01-29T11:03:32.000000+0000
R002023,BTC,2026-01-29T18:18:34.000000+0000
R002024,ETH,2026-01-29T18:52:14.000000+0000
R002025,ETH,2026-01-29T19:30:37.000000+0000
R002026,BTC,2026-01-30T01:22:53.000000+0000
R002027,BTC,2026-01-30T01:37:56.000000+0000
R002029,ETH,2026-01-30T15:32:00.000000+0000
R002030,ETH,2026-01-30T18:47:29.000000+0000
R002031,ETH,2026-01-30T20:26:11.000000+0000
R002033,ETH,2026-01-31T14:14:39.000000+0000
R002035,ETH,2026-01-31T16:47:44.000000+0000
R002036,ETH,2026-01-31T17:33:54.000000+0000
R002038,ETH,2026-01-31T18:40:32.000000+0000
R002039,ETH,2026-01-31T19:09:34.000000+0000
R002040,ETH,2026-01-31T20:22:40.000000+0000
R002041,ETH,2026-01-31T21:15:48.000000+0000
R002043,ETH,2026-02-01T07:41:16.000000+0000
R002044,ETH,2026-02-01T10:34:05.000000+0000
R002046,ETH,2026-02-01T18:02:49.000000+0000
R002047,ETH,2026-02-01T21:56:28.000000+0000
R002048,ETH,2026-02-01T23:05:59.000000+0000
R002049,ETH,2026-02-02T03:23:08.000000+0000
R002050,BTC,2026-02-02T03:49:09.000000+0000
R002051,ETH,2026-02-02T05:26:41.000000+0000
R002055,ETH,2026-02-02T09:29:56.000000+0000
R002056,ETH,2026-02-02T09:47:52.000000+0000
R002057,ETH,2026-02-02T13:22:21.000000+0000
R002058,ETH,2026-02-02T14:30:29.000000+0000
R002061,ETH,2026-02-03T02:31:01.000000+0000
R002062,ETH,2026-02-03T09:11:15.000000+0000
R002066,ETH,2026-02-03T16:33:24.000000+0000
R002067,BTC,2026-02-03T17:05:27.000000+0000
R002069,ETH,2026-02-03T18:21:38.000000+0000
R002070,ETH,2026-02-03T19:10:06.000000+0000
R002071,ETH,2026-02-03T19:32:21.000000+0000
R002072,ETH,2026-02-03T20:18:41.000000+0000
R002073,ETH,2026-02-03T21:04:20.000000+0000
R002075,ETH,2026-02-03T23:46:01.000000+0000
R002077,ETH,2026-02-04T03:37:44.000000+0000
R002082,ETH,2026-02-04T16:10:31.000000+0000
R002083,ETH,2026-02-04T16:41:08.000000+0000
R002084,ETH,2026-02-04T17:00:22.000000+0000
R002085,BTC,2026-02-04T17:30:25.000000+0000
R002086,ETH,2026-02-04T18:09:25.000000+0000
R002087,ETH,2026-02-04T18:29:12.000000+0000
R002088,BTC,2026-02-04T19:48:14.000000+0000
R002090,ETH,2026-02-04T22:21:58.000000+0000
R002093,BTC,2026-02-05T01:40:41.000000+0000
R002094,BTC,2026-02-05T02:48:24.000000+0000
R002095,ETH,2026-02-05T04:27:07.000000+0000
R002096,BTC,2026-02-05T05:21:49.000000+0000
R002097,ETH,2026-02-05T06:47:47.000000+0000
R002098,ETH,2026-02-05T07:41:34.000000+0000
R002101,ETH,2026-02-05T10:52:23.000000+0000
R002102,BTC,2026-02-05T11:22:21.000000+0000
R002103,ETH,2026-02-05T12:16:00.000000+0000
R002104,ETH,2026-02-05T12:55:10.000000+0000
R002105,ETH,2026-02-05T15:00:58.000000+0000
R002106,BTC,2026-02-05T15:22:12.000000+0000
R002107,BTC,2026-02-05T16:24:50.000000+0000
R002109,BTC,2026-02-05T17:20:35.000000+0000
R002110,BTC,2026-02-05T20:22:40.000000+0000
R002111,BTC,2026-02-05T21:23:45.000000+0000
R002114,ETH,2026-02-05T23:35:13.000000+0000
R002116,BTC,2026-02-06T01:17:46.000000+0000
R002118,ETH,2026-02-06T02:33:44.000000+0000
R002119,ETH,2026-02-06T03:04:07.000000+0000
R002120,BTC,2026-02-06T03:50:54.000000+0000
R002127,ETH,2026-02-06T08:19:50.000000+0000
R002128,ETH,2026-02-06T08:43:04.000000+0000
R002130,ETH,2026-02-06T10:20:31.000000+0000
R002131,ETH,2026-02-06T11:17:05.000000+0000
R002133,BTC,2026-02-06T13:37:47.000000+0000
R002139,BTC,2026-02-06T18:01:20.000000+0000
R002140,BTC,2026-02-06T18:41:55.000000+0000
R002142,ETH,2026-02-06T20:33:59.000000+0000
R002145,ETH,2026-02-07T03:44:52.000000+0000
R002146,BTC,2026-02-07T05:25:26.000000+0000
R002147,ETH,2026-02-07T06:12:22.000000+0000
R002148,BTC,2026-02-07T06:57:11.000000+0000
R002149,BTC,2026-02-07T08:25:28.000000+0000
R002150,ETH,2026-02-07T12:02:12.000000+0000
R002151,BTC,2026-02-07T12:30:40.000000+0000
R002152,ETH,2026-02-07T16:05:10.000000+0000
R002153,BTC,2026-02-08T08:22:57.000000+0000
R002154,ETH,2026-02-08T13:05:20.000000+0000
R002155,ETH,2026-02-08T15:16:53.000000+0000
R002156,BTC,2026-02-08T23:05:25.000000+0000
R002157,BTC,2026-02-08T23:23:38.000000+0000
R002158,ETH,2026-02-09T01:42:04.000000+0000
R002159,ETH,2026-02-09T10:15:46.000000+0000
R002160,ETH,2026-02-09T16:45:11.000000+0000
R002161,ETH,2026-02-09T17:07:52.000000+0000
R002162,ETH,2026-02-09T17:35:32.000000+0000
R002163,ETH,2026-02-10T03:25:43.000000+0000
R002165,BTC,2026-02-10T11:44:31.000000+0000
R002166,ETH,2026-02-10T13:05:16.000000+0000
R002167,BTC,2026-02-10T14:16:41.000000+0000
R002168,BTC,2026-02-10T14:40:42.000000+0000
R002169,ETH,2026-02-11T04:23:24.000000+0000
R002170,ETH,2026-02-11T04:38:30.000000+0000
R002171,ETH,2026-02-11T06:18:37.000000+0000
R002172,BTC,2026-02-11T13:30:02.000000+0000
R002173,ETH,2026-02-11T14:10:16.000000+0000
R002174,ETH,2026-02-11T15:07:17.000000+0000
R002175,ETH,2026-02-11T21:24:05.000000+0000
R002176,BTC,2026-02-11T23:20:56.000000+0000
R002177,ETH,2026-02-12T09:56:40.000000+0000
R002182,ETH,2026-02-14T08:06:50.000000+0000
R002192,BTC,2026-02-15T07:18:19.000000+0000
R002194,ETH,2026-02-15T17:42:22.000000+0000
R002196,ETH,2026-02-15T22:47:10.000000+0000
R002197,BTC,2026-02-16T15:31:05.000000+0000
R002198,BTC,2026-02-16T20:52:01.000000+0000
R002201,ETH,2026-02-19T01:12:56.000000+0000
R002203,BTC,2026-02-20T00:26:42.000000+0000
R002204,BTC,2026-02-20T15:01:56.000000+0000
R002205,BTC,2026-02-20T15:55:46.000000+0000
R002208,BTC,2026-02-21T14:20:57.000000+0000
R002210,BTC,2026-02-22T06:27:23.000000+0000
R002212,BTC,2026-02-22T13:35:37.000000+0000
R002214,BTC,2026-02-22T17:33:11.000000+0000
R002215,BTC,2026-02-23T01:09:02.000000+0000
R002216,ETH,2026-02-23T01:45:29.000000+0000
R002217,BTC,2026-02-23T17:52:30.000000+0000
R002220,BTC,2026-02-24T01:16:21.000000+0000
R002221,BTC,2026-02-24T03:50:12.000000+0000
R002222,BTC,2026-02-24T05:24:12.000000+0000
R002223,BTC,2026-02-24T13:32:44.000000+0000
R002224,ETH,2026-02-25T01:10:44.000000+0000
R002225,BTC,2026-02-25T02:06:55.000000+0000
R002227,BTC,2026-02-25T04:19:23.000000+0000
R002228,BTC,2026-02-25T11:05:40.000000+0000
R002230,ETH,2026-02-25T17:01:21.000000+0000
R002231,ETH,2026-02-25T17:45:07.000000+0000
R002232,BTC,2026-02-25T18:28:59.000000+0000
R002234,ETH,2026-02-26T09:14:31.000000+0000
R002235,BTC,2026-02-26T14:06:32.000000+0000
R002238,ETH,2026-02-26T19:02:51.000000+0000
R002239,BTC,2026-02-26T19:59:36.000000+0000
R002241,BTC,2026-02-27T10:21:09.000000+0000
R002244,ETH,2026-02-27T16:05:19.000000+0000
R002245,BTC,2026-02-27T16:47:09.000000+0000
R002247,ETH,2026-02-27T22:34:26.000000+0000
R002249,BTC,2026-02-28T06:41:42.000000+0000
R002250,BTC,2026-02-28T07:00:35.000000+0000
R002252,ETH,2026-02-28T13:49:01.000000+0000
R002253,BTC,2026-02-28T14:56:28.000000+0000
R002256,ETH,2026-02-28T17:42:38.000000+0000
R002257,BTC,2026-02-28T19:31:44.000000+0000
R002258,BTC,2026-02-28T21:38:07.000000+0000
R002260,BTC,2026-03-01T01:11:03.000000+0000
R002261,BTC,2026-03-01T01:50:06.000000+0000
R002262,BTC,2026-03-01T02:48:54.000000+0000
R002263,BTC,2026-03-01T13:51:19.000000+0000
R002264,ETH,2026-03-01T14:42:19.000000+0000
R002265,ETH,2026-03-01T16:48:22.000000+0000
R002266,ETH,2026-03-01T19:30:57.000000+0000
R002267,ETH,2026-03-01T22:13:05.000000+0000
R002268,BTC,2026-03-01T22:34:32.000000+0000
R002269,BTC,2026-03-02T00:44:58.000000+0000
R002270,ETH,2026-03-02T08:12:20.000000+0000
R002271,ETH,2026-03-02T16:09:11.000000+0000
R002272,BTC,2026-03-02T16:43:37.000000+0000
R002273,ETH,2026-03-02T19:52:26.000000+0000
R002274,ETH,2026-03-03T00:30:10.000000+0000
R002276,ETH,2026-03-03T08:40:06.000000+0000
R002277,BTC,2026-03-03T14:49:23.000000+0000
R002278,BTC,2026-03-04T07:47:23.000000+0000
R002279,BTC,2026-03-04T08:46:11.000000+0000
R002280,BTC,2026-03-04T09:17:30.000000+0000
R002283,ETH,2026-03-04T14:07:05.000000+0000
R002284,BTC,2026-03-04T15:00:02.000000+0000
R002285,BTC,2026-03-04T15:26:26.000000+0000
R002286,ETH,2026-03-04T15:58:03.000000+0000
R002287,ETH,2026-03-04T19:03:11.000000+0000
R002289,ETH,2026-03-05T04:57:01.000000+0000
R002290,BTC,2026-03-05T07:50:28.000000+0000
R002291,BTC,2026-03-05T10:26:46.000000+0000
R002293,BTC,2026-03-05T15:11:28.000000+0000
R002296,BTC,2026-03-06T13:55:42.000000+0000
R002297,BTC,2026-03-07T06:53:12.000000+0000
R002300,ETH,2026-03-08T02:50:58.000000+0000
R002301,BTC,2026-03-08T22:03:11.000000+0000
R002303,BTC,2026-03-09T12:37:14.000000+0000
R002305,BTC,2026-03-10T02:30:20.000000+0000
R002306,BTC,2026-03-10T14:40:07.000000+0000
R002308,BTC,2026-03-10T21:41:03.000000+0000
R002309,BTC,2026-03-11T05:42:34.000000+0000
R002311,ETH,2026-03-12T13:36:34.000000+0000
R002312,ETH,2026-03-12T14:15:08.000000+0000
R002313,BTC,2026-03-13T00:15:39.000000+0000
R002314,ETH,2026-03-13T06:28:28.000000+0000
R002315,BTC,2026-03-13T08:37:22.000000+0000
R002317,BTC,2026-03-13T12:33:50.000000+0000
R002318,ETH,2026-03-13T13:17:47.000000+0000
R002320,BTC,2026-03-14T06:40:32.000000+0000
R002322,BTC,2026-03-15T21:37:49.000000+0000
R002325,ETH,2026-03-16T03:30:36.000000+0000
R002326,ETH,2026-03-16T04:23:34.000000+0000
R002327,ETH,2026-03-16T04:55:01.000000+0000
R002329,BTC,2026-03-16T08:44:58.000000+0000
R002331,ETH,2026-03-16T12:04:01.000000+0000
R002333,BTC,2026-03-16T21:36:15.000000+0000
R002334,BTC,2026-03-17T01:12:32.000000+0000
R002335,BTC,2026-03-17T10:06:13.000000+0000
R002339,ETH,2026-03-18T11:29:40.000000+0000
R002341,ETH,2026-03-19T13:17:14.000000+0000
R002344,BTC,2026-03-21T23:52:01.000000+0000
R002345,BTC,2026-03-22T11:52:19.000000+0000
R002346,ETH,2026-03-22T21:05:29.000000+0000
R002350,ETH,2026-03-23T18:46:41.000000+0000
R002353,BTC,2026-03-24T16:39:19.000000+0000
R002355,ETH,2026-03-25T08:28:29.000000+0000
R002356,BTC,2026-03-25T10:47:52.000000+0000
R002358,BTC,2026-03-25T16:26:34.000000+0000
R002359,BTC,2026-03-25T22:41:57.000000+0000
R002360,ETH,2026-03-26T09:31:23.000000+0000
R002361,ETH,2026-03-26T11:11:38.000000+0000
R002362,BTC,2026-03-26T15:15:20.000000+0000
R002363,ETH,2026-03-26T17:57:03.000000+0000
R002364,ETH,2026-03-26T20:11:44.000000+0000
R002365,BTC,2026-03-27T08:35:48.000000+0000
R002367,ETH,2026-03-27T10:54:08.000000+0000
R002368,ETH,2026-03-27T13:37:00.000000+0000
R002370,ETH,2026-03-28T13:40:10.000000+0000
R002371,ETH,2026-03-28T14:54:20.000000+0000
R002374,ETH,2026-03-28T21:53:04.000000+0000
R002378,BTC,2026-03-29T22:41:23.000000+0000
R002379,BTC,2026-03-30T00:19:15.000000+0000
R002380,BTC,2026-03-30T02:46:10.000000+0000
R002382,ETH,2026-03-30T07:51:11.000000+0000
R002383,BTC,2026-03-30T11:26:49.000000+0000
R002384,ETH,2026-03-30T13:21:51.000000+0000
R002385,ETH,2026-03-30T23:02:18.000000+0000
R002386,BTC,2026-03-31T01:34:05.000000+0000
R002391,ETH,2026-03-31T17:23:42.000000+0000
